,precision,recall,f1-score,support
0,0.477941176,0.326633166,0.388059701,199
1,0.5395189,0.688596491,0.605009634,228
accuracy,0.519906323,0.519906323,0.519906323,427
macro avg,0.508730038,0.507614829,0.496534668,427
weighted avg,0.510821085,0.519906323,0.50390182,427
